date,subscribers
2017-01-01,161595
2017-01-02,161595
2017-01-03,161595
2017-01-04,161595
2017-01-05,161596
2017-01-06,161596
2017-01-07,161596
2017-01-08,161596
2017-01-09,161596
2017-01-10,161596
2017-01-11,161596
2017-01-12,161596
2017-01-13,161596
2017-01-14,161596
2017-01-15,161596
2017-01-16,161596
2017-01-17,161596
2017-01-18,161596
2017-01-19,161596
2017-01-20,161596
2017-01-21,161596
2017-01-22,161596
2017-01-23,161596
2017-01-24,161596
2017-01-25,161596
2017-01-26,161596
2017-01-27,161596
2017-01-28,161596
2017-01-29,161596
2017-01-30,161596
2017-01-31,161596
2017-02-01,161596
2017-02-02,161596
2017-02-03,161596
2017-02-04,161596
2017-02-05,161596
2017-02-06,161596
2017-02-07,161596
2017-02-08,161596
2017-02-09,161596
2017-02-10,161596
2017-02-11,161596
2017-02-12,161596
2017-02-13,161596
2017-02-14,161596
2017-02-15,161596
2017-02-16,161596
2017-02-17,161596
2017-02-18,161596
2017-02-19,161596
2017-02-20,161596
2017-02-21,161596
2017-02-22,161596
2017-02-23,161596
2017-02-24,161596
2017-02-25,161596
2017-02-26,161597
2017-02-27,161597
2017-02-28,161597
2017-03-01,161597
2017-03-02,161597
2017-03-03,161597
2017-03-04,161597
2017-03-05,161597
2017-03-06,161597
2017-03-07,161598
2017-03-08,161598
2017-03-09,161598
2017-03-10,161598
2017-03-11,161598
2017-03-12,161598
2017-03-13,161598
2017-03-14,161598
2017-03-15,161598
2017-03-16,161598
2017-03-17,161598
2017-03-18,161598
2017-03-19,161598
2017-03-20,161598
2017-03-21,161598
2017-03-22,161598
2017-03-23,161598
2017-03-24,161598
2017-03-25,161598
2017-03-26,161598
2017-03-27,161598
2017-03-28,161598
2017-03-29,161598
2017-03-30,161598
2017-03-31,161598
2017-04-01,161598
2017-04-02,161598
2017-04-03,161598
2017-04-04,161598
2017-04-05,161598
2017-04-06,161598
2017-04-07,161598
2017-04-08,161598
2017-04-09,161598
2017-04-10,161598
2017-04-11,161598
2017-04-12,161597
2017-04-13,161597
2017-04-14,161597
2017-04-15,161597
2017-04-16,161597
2017-04-17,161597
2017-04-18,161597
2017-04-19,161597
2017-04-20,161597
2017-04-21,161597
2017-04-22,161597
2017-04-23,161597
2017-04-24,161597
2017-04-25,161597
2017-04-26,161597
2017-04-27,161597
2017-04-28,161597
2017-04-29,161597
2017-04-30,161597
2017-05-01,161597
2017-05-02,161597
2017-05-03,161597
2017-05-04,161597
2017-05-05,161597
2017-05-06,161597
2017-05-07,161597
2017-05-08,161597
2017-05-09,161597
2017-05-10,161597
2017-05-11,161597
2017-05-12,161597
2017-05-13,161597
2017-05-14,161597
2017-05-15,161597
2017-05-16,161597
2017-05-17,161597
2017-05-18,161597
2017-05-19,161597
2017-05-20,161597
2017-05-21,161597
2017-05-22,161597
2017-05-23,161597
2017-05-24,161597
2017-05-25,161597
2017-05-26,161597
2017-05-27,161597
2017-05-28,161597
2017-05-29,161597
2017-05-30,161597
2017-05-31,161597
2017-06-01,161597
2017-06-02,161597
2017-06-03,161598
2017-06-04,161598
2017-06-05,161598
2017-06-06,161598
2017-06-07,161598
2017-06-08,161598
2017-06-09,161598
2017-06-10,161598
2017-06-11,161598
2017-06-12,161598
2017-06-13,161598
2017-06-14,161598
2017-06-15,161598
2017-06-16,161598
2017-06-17,161598
2017-06-18,161598
2017-06-19,161598
2017-06-20,161598
2017-06-21,161598
2017-06-22,161598
2017-06-23,161598
2017-06-24,161598
2017-06-25,161598
2017-06-26,161598
2017-06-27,161598
2017-06-28,161598
2017-06-29,161598
2017-06-30,161598
2017-07-01,161598
2017-07-02,161598
2017-07-03,161598
2017-07-04,161598
2017-07-05,161598
2017-07-06,161598
2017-07-07,161598
2017-07-08,161598
2017-07-09,161598
2017-07-10,161598
2017-07-11,161597
2017-07-12,161597
2017-07-13,161597
2017-07-14,161597
2017-07-15,161597
2017-07-16,161597
2017-07-17,161597
2017-07-18,161597
2017-07-19,161597
2017-07-20,161597
2017-07-21,161597
2017-07-22,161597
2017-07-23,161597
2017-07-24,161597
2017-07-25,161597
2017-07-26,161597
2017-07-27,161597
2017-07-28,161597
2017-07-29,161597
2017-07-30,161597
2017-07-31,161597
2017-08-01,161597
2017-08-02,161597
2017-08-03,161597
2017-08-04,161597
2017-08-05,161597
2017-08-06,161597
2017-08-07,161597
2017-08-08,161597
2017-08-09,161597
2017-08-10,161597
2017-08-11,161597
2017-08-12,161597
2017-08-13,161597
2017-08-14,161597
2017-08-15,161597
2017-08-16,161597
2017-08-17,161597
2017-08-18,161597
2017-08-19,161597
2017-08-20,161597
2017-08-21,161597
2017-08-22,161597
2017-08-23,161597
2017-08-24,161597
2017-08-25,161597
2017-08-26,161597
2017-08-27,161597
2017-08-28,161597
2017-08-29,161597
2017-08-30,161597
2017-08-31,161597
2017-09-01,161597
2017-09-02,161597
2017-09-03,161597
2017-09-04,161597
2017-09-05,161597
2017-09-06,161597
2017-09-07,161597
2017-09-08,161597
2017-09-09,161597
2017-09-10,161597
2017-09-11,161597
2017-09-12,161597
2017-09-13,161597
2017-09-14,161597
2017-09-15,161597
2017-09-16,161597
2017-09-17,161597
2017-09-18,161597
2017-09-19,161597
2017-09-20,161597
2017-09-21,161597
2017-09-22,161597
2017-09-23,161597
2017-09-24,161597
2017-09-25,161597
2017-09-26,161597
2017-09-27,161597
2017-09-28,161597
2017-09-29,161597
2017-09-30,161597
2017-10-01,161597
2017-10-02,161597
2017-10-03,161597
2017-10-04,161597
2017-10-05,161597
2017-10-06,161597
2017-10-07,161597
2017-10-08,161597
2017-10-09,161597
2017-10-10,161597
2017-10-11,161597
2017-10-12,161597
2017-10-13,161597
2017-10-14,161597
2017-10-15,161597
2017-10-16,161597
2017-10-17,161597
2017-10-18,161597
2017-10-19,161597
2017-10-20,161597
2017-10-21,161597
2017-10-22,161597
2017-10-23,161597
2017-10-24,161597
2017-10-25,161597
2017-10-26,161597
2017-10-27,161597
2017-10-28,161597
2017-10-29,161597
2017-10-30,161597
2017-10-31,161597
2017-11-01,161597
2017-11-02,161597
2017-11-03,161597
2017-11-04,161597
2017-11-05,161597
2017-11-06,161597
2017-11-07,161597
2017-11-08,161597
2017-11-09,161597
2017-11-10,161597
2017-11-11,161597
2017-11-12,161597
2017-11-13,161597
2017-11-14,161597
2017-11-15,161597
2017-11-16,161597
2017-11-17,161597
2017-11-18,161597
2017-11-19,161597
2017-11-20,161597
2017-11-21,161597
2017-11-22,161597
2017-11-23,161597
2017-11-24,161597
2017-11-25,161597
2017-11-26,161597
2017-11-27,161597
2017-11-28,161597
2017-11-29,161597
2017-11-30,161597
2017-12-01,161597
2017-12-02,161597
2017-12-03,161597
2017-12-04,161597
2017-12-05,161597
2017-12-06,161597
2017-12-07,161597
2017-12-08,161597
2017-12-09,161597
2017-12-10,161597
2017-12-11,161597
2017-12-12,161597
2017-12-13,161597
2017-12-14,161597
2017-12-15,161597
2017-12-16,161597
2017-12-17,161597
2017-12-18,161597
2017-12-19,161597
2017-12-20,161597
2017-12-21,161597
2017-12-22,161597
2017-12-23,161597
2017-12-24,161597
2017-12-25,161597
2017-12-26,161597
2017-12-27,161597
2017-12-28,161597
2017-12-29,161597
2017-12-30,161597
2017-12-31,161597
2018-01-01,161597
2018-01-02,161597
2018-01-03,161597
2018-01-04,161597
2018-01-05,161597
2018-01-06,161597
2018-01-07,161597
2018-01-08,161597
2018-01-09,161597
2018-01-10,161597
2018-01-11,161597
2018-01-12,161597
2018-01-13,161597
2018-01-14,161597
2018-01-15,161597
2018-01-16,161597
2018-01-17,161597
2018-01-18,161597
2018-01-19,161597
2018-01-20,161597
2018-01-21,161597
2018-01-22,161597
2018-01-23,161597
2018-01-24,161597
2018-01-25,161597
2018-01-26,161597
2018-01-27,161597
2018-01-28,161597
2018-01-29,161597
2018-01-30,161597
2018-01-31,161597
2018-02-01,161597
2018-02-02,161597
2018-02-03,161597
2018-02-04,161597
2018-02-05,161597
2018-02-06,161597
2018-02-07,161597
2018-02-08,161597
2018-02-09,161597
2018-02-10,161597
2018-02-11,161597
2018-02-12,161597
2018-02-13,161597
2018-02-14,161597
2018-02-15,161597
2018-02-16,161597
2018-02-17,161597
2018-02-18,161597
2018-02-19,161597
2018-02-20,161597
2018-02-21,161597
2018-02-22,161597
2018-02-23,161597
2018-02-24,161597
2018-02-25,161597
2018-02-26,161597
2018-02-27,161597
2018-02-28,161597
2018-03-01,161597
2018-03-02,161597
2018-03-03,161597
2018-03-04,161597
2018-03-05,161597
2018-03-06,161597
2018-03-07,161597
2018-03-08,161597
2018-03-09,161597
2018-03-10,161597
2018-03-11,161597
2018-03-12,161597
2018-03-13,161597
2018-03-14,161597
2018-03-15,161597
2018-03-16,161597
2018-03-17,161597
2018-03-18,161597
2018-03-19,161597
2018-03-20,161597
2018-03-21,161597
2018-03-22,161597
2018-03-23,161597
2018-03-24,161597
2018-03-25,161597
2018-03-26,161597
2018-03-27,161597
2018-03-28,161597
2018-03-29,161597
2018-03-30,161597
2018-03-31,161597
2018-04-01,161597
2018-04-02,161598
2018-04-03,161598
2018-04-04,161598
2018-04-05,161598
2018-04-06,161598
2018-04-07,161598
2018-04-08,161598
2018-04-09,161598
2018-04-10,161598
2018-04-11,161598
2018-04-12,161599
2018-04-13,161599
2018-04-14,161599
2018-04-15,161599
2018-04-16,161599
2018-04-17,161599
2018-04-18,161599
2018-04-19,161599
2018-04-20,161599
2018-04-21,161599
2018-04-22,161599
2018-04-23,161599
2018-04-24,161599
2018-04-25,161599
2018-04-26,161599
2018-04-27,161599
2018-04-28,161599
2018-04-29,161599
2018-04-30,161599
2018-05-01,161599
2018-05-02,161599
2018-05-03,161599
2018-05-04,161599
2018-05-05,161599
2018-05-06,161599
2018-05-07,161599
2018-05-08,161599
2018-05-09,161599
2018-05-10,161599
2018-05-11,161599
2018-05-12,161599
2018-05-13,161599
2018-05-14,161599
2018-05-15,161599
2018-05-16,161599
2018-05-17,161599
2018-05-18,161599
2018-05-19,161599
2018-05-20,161599
2018-05-21,161600
2018-05-22,161600
2018-05-23,161600
2018-05-24,161600
2018-05-25,161600
2018-05-26,161600
2018-05-27,161600
2018-05-28,161600
2018-05-29,161600
2018-05-30,161600
2018-05-31,161600
2018-06-01,161600
2018-06-02,161600
2018-06-03,161600
2018-06-04,161600
2018-06-05,161600
2018-06-06,161600
2018-06-07,161600
2018-06-08,161600
2018-06-09,161600
2018-06-10,161600
2018-06-11,161600
2018-06-12,161600
2018-06-13,161600
2018-06-14,161600
2018-06-15,161600
2018-06-16,161600
2018-06-17,161600
2018-06-18,161600
2018-06-19,161600
2018-06-20,161600
2018-06-21,161600
2018-06-22,161600
2018-06-23,161600
2018-06-24,161600
2018-06-25,161600
2018-06-26,161600
2018-06-27,161600
2018-06-28,161600
2018-06-29,161601
2018-06-30,161601
2018-07-01,161601
2018-07-02,161601
2018-07-03,161601
2018-07-04,161601
2018-07-05,161601
2018-07-06,161601
2018-07-07,161601
2018-07-08,161601
2018-07-09,161601
2018-07-10,161601
2018-07-11,161601
2018-07-12,161601
2018-07-13,161601
2018-07-14,161601
2018-07-15,161601
2018-07-16,161601
2018-07-17,161601
2018-07-18,161601
2018-07-19,161601
2018-07-20,161601
2018-07-21,161601
2018-07-22,161601
2018-07-23,161601
2018-07-24,161601
2018-07-25,161601
2018-07-26,161601
2018-07-27,161601
2018-07-28,161602
2018-07-29,161602
2018-07-30,161602
2018-07-31,161602
2018-08-01,161602
2018-08-02,161602
2018-08-03,161602
2018-08-04,161602
2018-08-05,161602
2018-08-06,161602
2018-08-07,161602
2018-08-08,161602
2018-08-09,161602
2018-08-10,161602
2018-08-11,161602
2018-08-12,161602
2018-08-13,161602
2018-08-14,161602
2018-08-15,161602
2018-08-16,161602
2018-08-17,161602
2018-08-18,161602
2018-08-19,161602
2018-08-20,161602
2018-08-21,161602
2018-08-22,161602
2018-08-23,161602
2018-08-24,161602
2018-08-25,161602
2018-08-26,161602
2018-08-27,161602
2018-08-28,161602
2018-08-29,161602
2018-08-30,161602
2018-08-31,161602
2018-09-01,161602
2018-09-02,161602
2018-09-03,161602
2018-09-04,161602
2018-09-05,161602
2018-09-06,161602
2018-09-07,161602
2018-09-08,161602
2018-09-09,161602
2018-09-10,161602
2018-09-11,161602
2018-09-12,161602
2018-09-13,161602
2018-09-14,161602
2018-09-15,161602
2018-09-16,161602
2018-09-17,161602
2018-09-18,161602
2018-09-19,161602
2018-09-20,161602
2018-09-21,161602
2018-09-22,161602
2018-09-23,161602
2018-09-24,161602
2018-09-25,161602
2018-09-26,161602
2018-09-27,161602
2018-09-28,161602
2018-09-29,161602
2018-09-30,161601
2018-10-01,161601
2018-10-02,161601
2018-10-03,161601
2018-10-04,161601
2018-10-05,161601
2018-10-06,161601
2018-10-07,161601
2018-10-08,161601
2018-10-09,161601
2018-10-10,161601
2018-10-11,161601
2018-10-12,161601
2018-10-13,161601
2018-10-14,161601
2018-10-15,161601
2018-10-16,161601
2018-10-17,161601
2018-10-18,161601
2018-10-19,161601
2018-10-20,161601
2018-10-21,161601
2018-10-22,161601
2018-10-23,161601
2018-10-24,161601
2018-10-25,161601
2018-10-26,161601
2018-10-27,161601
2018-10-28,161601
2018-10-29,161601
2018-10-30,161601
2018-10-31,161601
2018-11-01,161601
2018-11-02,161601
2018-11-03,161601
2018-11-04,161601
2018-11-05,161601
2018-11-06,161601
2018-11-07,161601
2018-11-08,161601
2018-11-09,161601
2018-11-10,161601
2018-11-11,161601
2018-11-12,161601
2018-11-13,161601
2018-11-14,161601
2018-11-15,161601
2018-11-16,161601
2018-11-17,161601
2018-11-18,161601
2018-11-19,161601
2018-11-20,161601
2018-11-21,161601
2018-11-22,161601
2018-11-23,161601
2018-11-24,161601
2018-11-25,161601
2018-11-26,161601
2018-11-27,161601
2018-11-28,161601
2018-11-29,161601
2018-11-30,161601
2018-12-01,161601
2018-12-02,161602
2018-12-03,161602
2018-12-04,161602
2018-12-05,161602
2018-12-06,161602
2018-12-07,161602
2018-12-08,161602
2018-12-09,161602
2018-12-10,161602
2018-12-11,161602
2018-12-12,161602
2018-12-13,161602
2018-12-14,161602
2018-12-15,161602
2018-12-16,161602
2018-12-17,161602
2018-12-18,161602
2018-12-19,161602
2018-12-20,161602
2018-12-21,161602
2018-12-22,161602
2018-12-23,161602
2018-12-24,161602
2018-12-25,161602
2018-12-26,161602
2018-12-27,161602
2018-12-28,161602
2018-12-29,161602
2018-12-30,161602
2018-12-31,161602
2019-01-01,161602
2019-01-02,161602
2019-01-03,161602
2019-01-04,161602
2019-01-05,161602
2019-01-06,161602
2019-01-07,161602
2019-01-08,161602
2019-01-09,161602
2019-01-10,161602
2019-01-11,161602
2019-01-12,161602
2019-01-13,161602
2019-01-14,161602
2019-01-15,161602
2019-01-16,161602
2019-01-17,161602
2019-01-18,161602
2019-01-19,161602
2019-01-20,161602
2019-01-21,161602
2019-01-22,161602
2019-01-23,161602
2019-01-24,161602
2019-01-25,161602
2019-01-26,161602
2019-01-27,161602
2019-01-28,161602
2019-01-29,161602
2019-01-30,161602
2019-01-31,161602
2019-02-01,161602
2019-02-02,161602
2019-02-03,161602
2019-02-04,161602
2019-02-05,161602
2019-02-06,161602
2019-02-07,161602
2019-02-08,161602
2019-02-09,161602
2019-02-10,161602
2019-02-11,161602
2019-02-12,161602
2019-02-13,161602
2019-02-14,161602
2019-02-15,161602
2019-02-16,161602
2019-02-17,161602
2019-02-18,161602
2019-02-19,161602
2019-02-20,161602
2019-02-21,161602
2019-02-22,161602
2019-02-23,161602
2019-02-24,161602
2019-02-25,161602
2019-02-26,161602
2019-02-27,161602
2019-02-28,161602
2019-03-01,161602
2019-03-02,161602
2019-03-03,161602
2019-03-04,161602
2019-03-05,161602
2019-03-06,161602
2019-03-07,161602
2019-03-08,161602
2019-03-09,161602
2019-03-10,161602
2019-03-11,161602
2019-03-12,161602
2019-03-13,161602
2019-03-14,161602
2019-03-15,161602
2019-03-16,161602
2019-03-17,161602
2019-03-18,161602
2019-03-19,161602
2019-03-20,161602
2019-03-21,161602
2019-03-22,161602
2019-03-23,161602
2019-03-24,161602
2019-03-25,161602
2019-03-26,161602
2019-03-27,161603
2019-03-28,161603
2019-03-29,161603
2019-03-30,161603
2019-03-31,161603
2019-04-01,161603
2019-04-02,161603
2019-04-03,161603
2019-04-04,161603
2019-04-05,161603
2019-04-06,161603
2019-04-07,161603
2019-04-08,161603
2019-04-09,161603
2019-04-10,161603
2019-04-11,161603
2019-04-12,161603
2019-04-13,161603
2019-04-14,161603
2019-04-15,161603
2019-04-16,161603
2019-04-17,161603
2019-04-18,161603
2019-04-19,161603
2019-04-20,161603
2019-04-21,161603
2019-04-22,161603
2019-04-23,161603
2019-04-24,161603
2019-04-25,161603
2019-04-26,161603
2019-04-27,161603
2019-04-28,161603
2019-04-29,161603
2019-04-30,161603
2019-05-01,161603
2019-05-02,161603
2019-05-03,161603
2019-05-04,161603
2019-05-05,161603
2019-05-06,161603
2019-05-07,161603
2019-05-08,161603
2019-05-09,161603
2019-05-10,161603
2019-05-11,161603
2019-05-12,161603
2019-05-13,161603
2019-05-14,161603
2019-05-15,161603
2019-05-16,161603
2019-05-17,161603
2019-05-18,161603
2019-05-19,161603
2019-05-20,161603
2019-05-21,161603
2019-05-22,161603
2019-05-23,161603
2019-05-24,161603
2019-05-25,161603
2019-05-26,161604
2019-05-27,161604
2019-05-28,161604
2019-05-29,161604
2019-05-30,161604
2019-05-31,161604
2019-06-01,161604
2019-06-02,161604
2019-06-03,161604
2019-06-04,161604
2019-06-05,161604
2019-06-06,161604
2019-06-07,161604
2019-06-08,161604
2019-06-09,161604
2019-06-10,161604
2019-06-11,161604
2019-06-12,161604
2019-06-13,161604
2019-06-14,161604
2019-06-15,161604
2019-06-16,161604
2019-06-17,161604
2019-06-18,161604
2019-06-19,161604
2019-06-20,161604
2019-06-21,161604
2019-06-22,161604
2019-06-23,161604
2019-06-24,161604
2019-06-25,161604
2019-06-26,161604
2019-06-27,161604
2019-06-28,161604
2019-06-29,161604
2019-06-30,161604
2019-07-01,161604
2019-07-02,161604
2019-07-03,161604
2019-07-04,161604
2019-07-05,161604
2019-07-06,161604
2019-07-07,161604
2019-07-08,161604
2019-07-09,161604
2019-07-10,161604
2019-07-11,161604
2019-07-12,161604
2019-07-13,161604
2019-07-14,161604
2019-07-15,161604
2019-07-16,161604
2019-07-17,161604
2019-07-18,161604
2019-07-19,161604
2019-07-20,161604
2019-07-21,161604
2019-07-22,161604
2019-07-23,161604
2019-07-24,161604
2019-07-25,161604
2019-07-26,161604
2019-07-27,161604
2019-07-28,161604
2019-07-29,161604
2019-07-30,161604
2019-07-31,161604
2019-08-01,161603
2019-08-02,161603
2019-08-03,161603
2019-08-04,161604
2019-08-05,161604
2019-08-06,161604
2019-08-07,161604
2019-08-08,161604
2019-08-09,161604
2019-08-10,161604
2019-08-11,161604
2019-08-12,161604
2019-08-13,161604
2019-08-14,161604
2019-08-15,161603
2019-08-16,161603
2019-08-17,161603
2019-08-18,161603
2019-08-19,161603
2019-08-20,161603
2019-08-21,161603
2019-08-22,161603
2019-08-23,161603
2019-08-24,161603
2019-08-25,161603
2019-08-26,161603
2019-08-27,161603
2019-08-28,161603
2019-08-29,161603
2019-08-30,161603
2019-08-31,161603
2019-09-01,161603
2019-09-02,161603
2019-09-03,161603
2019-09-04,161603
2019-09-05,161603
2019-09-06,161603
2019-09-07,161603
2019-09-08,161603
2019-09-09,161603
2019-09-10,161603
2019-09-11,161603
2019-09-12,161603
2019-09-13,161603
2019-09-14,161603
2019-09-15,161603
2019-09-16,161603
2019-09-17,161603
2019-09-18,161603
2019-09-19,161603
2019-09-20,161603
2019-09-21,161603
2019-09-22,161603
2019-09-23,161603
2019-09-24,161603
2019-09-25,161603
2019-09-26,161603
2019-09-27,161603
2019-09-28,161603
2019-09-29,161603
2019-09-30,161603
2019-10-01,161603
2019-10-02,161603
2019-10-03,161603
2019-10-04,161603
2019-10-05,161603
2019-10-06,161602
2019-10-07,161602
2019-10-08,161602
2019-10-09,161602
2019-10-10,161602
2019-10-11,161602
2019-10-12,161602
2019-10-13,161602
2019-10-14,161602
2019-10-15,161602
2019-10-16,161602
2019-10-17,161602
2019-10-18,161602
2019-10-19,161602
2019-10-20,161602
2019-10-21,161602
2019-10-22,161602
2019-10-23,161602
2019-10-24,161602
2019-10-25,161602
2019-10-26,161602
2019-10-27,161602
2019-10-28,161602
2019-10-29,161602
2019-10-30,161602
2019-10-31,161602
2019-11-01,161602
2019-11-02,161602
2019-11-03,161602
2019-11-04,161602
2019-11-05,161602
2019-11-06,161602
2019-11-07,161602
2019-11-08,161602
2019-11-09,161602
2019-11-10,161602
2019-11-11,161602
2019-11-12,161602
2019-11-13,161602
2019-11-14,161602
2019-11-15,161602
2019-11-16,161602
2019-11-17,161602
2019-11-18,161602
2019-11-19,161602
2019-11-20,161602
2019-11-21,161602
2019-11-22,161602
2019-11-23,161602
2019-11-24,161602
2019-11-25,161602
2019-11-26,161602
2019-11-27,161602
2019-11-28,161602
2019-11-29,161602
2019-11-30,161602
2019-12-01,161602
2019-12-02,161602
2019-12-03,161602
2019-12-04,161602
2019-12-05,161602
2019-12-06,161602
2019-12-07,161602
2019-12-08,161602
2019-12-09,161602
2019-12-10,161602
2019-12-11,161602
2019-12-12,161602
2019-12-13,161602
2019-12-14,161602
2019-12-15,161602
2019-12-16,161602
2019-12-17,161602
2019-12-18,161602
2019-12-19,161602
2019-12-20,161602
2019-12-21,161602
2019-12-22,161602
2019-12-23,161602
2019-12-24,161602
2019-12-25,161602
2019-12-26,161602
2019-12-27,161602
2019-12-28,161602
2019-12-29,161602
2019-12-30,161602
2019-12-31,161602
2020-01-01,161602
2020-01-02,161602
2020-01-03,161602
2020-01-04,161602
2020-01-05,161602
2020-01-06,161602
2020-01-07,161602
2020-01-08,161602
2020-01-09,161602
2020-01-10,161602
2020-01-11,161602
2020-01-12,161602
2020-01-13,161602
2020-01-14,161602
2020-01-15,161602
2020-01-16,161602
2020-01-17,161602
2020-01-18,161602
2020-01-19,161602
2020-01-20,161602
2020-01-21,161602
2020-01-22,161602
2020-01-23,161602
2020-01-24,161602
2020-01-25,161602
2020-01-26,161601
2020-01-27,161601
2020-01-28,161601
2020-01-29,161601
2020-01-30,161601
2020-01-31,161601
2020-02-01,161601
2020-02-02,161601
2020-02-03,161601
2020-02-04,161601
2020-02-05,161601
2020-02-06,161601
2020-02-07,161601
2020-02-08,161601
2020-02-09,161601
2020-02-10,161601
2020-02-11,161601
2020-02-12,161601
2020-02-13,161601
2020-02-14,161601
2020-02-15,161601
2020-02-16,161601
2020-02-17,161601
2020-02-18,161601
2020-02-19,161601
2020-02-20,161601
2020-02-21,161601
2020-02-22,161601
2020-02-23,161601
2020-02-24,161601
2020-02-25,161601
2020-02-26,161601
2020-02-27,161601
2020-02-28,161601
2020-02-29,161601
2020-03-01,161601
2020-03-02,161601
2020-03-03,161601
2020-03-04,161601
2020-03-05,161601
2020-03-06,161601
2020-03-07,161601
2020-03-08,161601
2020-03-09,161601
2020-03-10,161601
2020-03-11,161601
2020-03-12,161601
2020-03-13,161601
2020-03-14,161601
2020-03-15,161601
2020-03-16,161601
2020-03-17,161601
2020-03-18,161601
2020-03-19,161601
2020-03-20,161601
2020-03-21,161602
2020-03-22,161602
2020-03-23,161602
2020-03-24,161602
2020-03-25,161602
2020-03-26,161602
2020-03-27,161602
2020-03-28,161602
2020-03-29,161602
2020-03-30,161602
2020-03-31,161602
2020-04-01,161602
2020-04-02,161602
2020-04-03,161602
2020-04-04,161602
2020-04-05,161602
2020-04-06,161602
2020-04-07,161602
2020-04-08,161602
2020-04-09,161602
2020-04-10,161602
2020-04-11,161602
2020-04-12,161602
2020-04-13,161602
2020-04-14,161602
2020-04-15,161602
2020-04-16,161602
2020-04-17,161602
2020-04-18,161602
2020-04-19,161602
2020-04-20,161602
2020-04-21,161602
2020-04-22,161602
2020-04-23,161602
2020-04-24,161602
2020-04-25,161602
2020-04-26,161602
2020-04-27,161602
2020-04-28,161602
2020-04-29,161602
2020-04-30,161602
2020-05-01,161602
2020-05-02,161602
2020-05-03,161602
2020-05-04,161602
2020-05-05,161602
2020-05-06,161602
2020-05-07,161602
2020-05-08,161602
2020-05-09,161602
2020-05-10,161602
2020-05-11,161602
2020-05-12,161602
2020-05-13,161602
2020-05-14,161602
2020-05-15,161602
2020-05-16,161602
2020-05-17,161602
2020-05-18,161602
2020-05-19,161602
2020-05-20,161602
2020-05-21,161602
2020-05-22,161602
2020-05-23,161602
2020-05-24,161602
2020-05-25,161602
2020-05-26,161602
2020-05-27,161602
2020-05-28,161602
2020-05-29,161602
2020-05-30,161602
2020-05-31,161602
2020-06-01,161602
2020-06-02,161602
2020-06-03,161602
2020-06-04,161602
2020-06-05,161602
2020-06-06,161602
2020-06-07,161602
2020-06-08,161602
2020-06-09,161603
2020-06-10,161603
2020-06-11,161603
2020-06-12,161603
2020-06-13,161602
2020-06-14,161602
2020-06-15,161602
2020-06-16,161602
2020-06-17,161602
2020-06-18,161602
2020-06-19,161602
2020-06-20,161602
2020-06-21,161602
2020-06-22,161602
2020-06-23,161602
2020-06-24,161602
2020-06-25,161602
2020-06-26,161602
2020-06-27,161602
2020-06-28,161602
2020-06-29,161602
2020-06-30,161602
2020-07-01,161602
2020-07-02,161602
2020-07-03,161602
2020-07-04,161602
2020-07-05,161602
2020-07-06,161602
2020-07-07,161602
2020-07-08,161602
2020-07-09,161602
2020-07-10,161601
2020-07-11,161601
2020-07-12,161601
2020-07-13,161601
2020-07-14,161600
2020-07-15,161600
2020-07-16,161600
2020-07-17,161600
2020-07-18,161600
2020-07-19,161600
2020-07-20,161600
2020-07-21,161600
2020-07-22,161600
2020-07-23,161600
2020-07-24,161600
2020-07-25,161600
2020-07-26,161600
2020-07-27,161600
2020-07-28,161600
2020-07-29,161600
2020-07-30,161600
2020-07-31,161600
2020-08-01,161600
2020-08-02,161600
2020-08-03,161600
2020-08-04,161600
2020-08-05,161600
2020-08-06,161600
2020-08-07,161600
2020-08-08,161600
2020-08-09,161600
2020-08-10,161600
2020-08-11,161600
2020-08-12,161600
2020-08-13,161600
2020-08-14,161600
2020-08-15,161600
2020-08-16,161600
2020-08-17,161600
2020-08-18,161600
2020-08-19,161600
2020-08-20,161600
2020-08-21,161600
2020-08-22,161600
2020-08-23,161600
2020-08-24,161600
2020-08-25,161600
2020-08-26,161600
2020-08-27,161600
2020-08-28,161600
2020-08-29,161600
2020-08-30,161600
2020-08-31,161600
2020-09-01,161600
2020-09-02,161600
2020-09-03,161600
2020-09-04,161600
2020-09-05,161600
2020-09-06,161600
2020-09-07,161600
2020-09-08,161600
2020-09-09,161600
2020-09-10,161600
2020-09-11,161600
2020-09-12,161600
2020-09-13,161600
2020-09-14,161600
2020-09-15,161600
2020-09-16,161600
2020-09-17,161600
2020-09-18,161600
2020-09-19,161600
2020-09-20,161600
2020-09-21,161600
2020-09-22,161600
2020-09-23,161600
2020-09-24,161600
2020-09-25,161600
2020-09-26,161600
2020-09-27,161600
2020-09-28,161600
2020-09-29,161600
2020-09-30,161600
2020-10-01,161600
2020-10-02,161600
2020-10-03,161600
2020-10-04,161600
2020-10-05,161600
2020-10-06,161600
2020-10-07,161600
2020-10-08,161600
2020-10-09,161600
2020-10-10,161600
2020-10-11,161600
2020-10-12,161600
2020-10-13,161600
2020-10-14,161600
2020-10-15,161600
2020-10-16,161600
2020-10-17,161600
2020-10-18,161600
2020-10-19,161600
2020-10-20,161600
2020-10-21,161600
2020-10-22,161600
2020-10-23,161600
2020-10-24,161600
2020-10-25,161600
2020-10-26,161600
2020-10-27,161600
2020-10-28,161600
2020-10-29,161600
2020-10-30,161600
2020-10-31,161600
2020-11-01,161600
2020-11-02,161600
2020-11-03,161600
2020-11-04,161600
2020-11-05,161600
2020-11-06,161600
2020-11-07,161600
2020-11-08,161600
2020-11-09,161600
2020-11-10,161600
2020-11-11,161600
2020-11-12,161600
2020-11-13,161600
2020-11-14,161600
2020-11-15,161600
2020-11-16,161600
2020-11-17,161601
2020-11-18,161601
2020-11-19,161601
2020-11-20,161601
2020-11-21,161601
2020-11-22,161601
2020-11-23,161602
2020-11-24,161602
2020-11-25,161602
2020-11-26,161602
2020-11-27,161602
2020-11-28,161602
2020-11-29,161602
2020-11-30,161602
2020-12-01,161602
2020-12-02,161602
2020-12-03,161602
2020-12-04,161602
2020-12-05,161602
2020-12-06,161602
2020-12-07,161602
2020-12-08,161601
2020-12-09,161601
2020-12-10,161601
2020-12-11,161601
2020-12-12,161601
2020-12-13,161601
2020-12-14,161601
2020-12-15,161601
2020-12-16,161601
2020-12-17,161601
2020-12-18,161601
2020-12-19,161601
2020-12-20,161601
2020-12-21,161601
2020-12-22,161601
2020-12-23,161601
2020-12-24,161601
2020-12-25,161601
2020-12-26,161601
2020-12-27,161601
2020-12-28,161601
2020-12-29,161601
2020-12-30,161601
2020-12-31,161601
2021-01-01,161601
2021-01-02,161601
2021-01-03,161601
2021-01-04,161601
2021-01-05,161600
2021-01-06,161600
2021-01-07,161600
2021-01-08,161600
2021-01-09,161600
2021-01-10,161600
2021-01-11,161600
2021-01-12,161600
2021-01-13,161600
2021-01-14,161600
2021-01-15,161600
2021-01-16,161600
2021-01-17,161600
2021-01-18,161600
2021-01-19,161600
2021-01-20,161600
2021-01-21,161601
2021-01-22,161601
2021-01-23,161601
2021-01-24,161601
2021-01-25,161601
2021-01-26,161601
2021-01-27,161601
2021-01-28,161601
2021-01-29,161601
2021-01-30,161601
2021-01-31,161601
2021-02-01,161601
2021-02-02,161602
2021-02-03,161602
2021-02-04,161602
2021-02-05,161602
2021-02-06,161602
2021-02-07,161602
2021-02-08,161602
2021-02-09,161602
2021-02-10,161602
2021-02-11,161602
2021-02-12,161602
2021-02-13,161602
2021-02-14,161602
2021-02-15,161602
2021-02-16,161602
2021-02-17,161602
2021-02-18,161602
2021-02-19,161602
2021-02-20,161602
2021-02-21,161602
2021-02-22,161602
2021-02-23,161602
2021-02-24,161602
2021-02-25,161602
2021-02-26,161602
2021-02-27,161602
2021-02-28,161602
2021-03-01,161602
2021-03-02,161602
2021-03-03,161602
2021-03-04,161602
2021-03-05,161602
2021-03-06,161602
2021-03-07,161602
2021-03-08,161602
2021-03-09,161602
2021-03-10,161602
2021-03-11,161602
2021-03-12,161602
2021-03-13,161602
2021-03-14,161602
2021-03-15,161602
2021-03-16,161602
2021-03-17,161602
2021-03-18,161602
2021-03-19,161602
2021-03-20,161602
2021-03-21,161602
2021-03-22,161602
2021-03-23,161602
2021-03-24,161602
2021-03-25,161602
2021-03-26,161602
2021-03-27,161602
2021-03-28,161602
2021-03-29,161602
2021-03-30,161602
2021-03-31,161602
2021-04-01,161602
2021-04-02,161602
2021-04-03,161602
2021-04-04,161602
2021-04-05,161602
2021-04-06,161602
2021-04-07,161602
2021-04-08,161602
2021-04-09,161602
2021-04-10,161602
2021-04-11,161602
2021-04-12,161602
2021-04-13,161602
2021-04-14,161602
2021-04-15,161602
2021-04-16,161602
2021-04-17,161602
2021-04-18,161602
2021-04-19,161602
2021-04-20,161602
2021-04-21,161602
2021-04-22,161602
2021-04-23,161602
2021-04-24,161602
2021-04-25,161602
2021-04-26,161602
2021-04-27,161602
2021-04-28,161602
2021-04-29,161602
2021-04-30,161602
2021-05-01,161602
2021-05-02,161602
2021-05-03,161602
2021-05-04,161602
2021-05-05,161602
2021-05-06,161602
2021-05-07,161602
2021-05-08,161602
2021-05-09,161602
2021-05-10,161602
2021-05-11,161602
2021-05-12,161602
2021-05-13,161602
2021-05-14,161602
2021-05-15,161602
2021-05-16,161602
2021-05-17,161602
2021-05-18,161602
2021-05-19,161602
2021-05-20,161602
2021-05-21,161602
2021-05-22,161602
2021-05-23,161602
2021-05-24,161602
2021-05-25,161602
2021-05-26,161602
2021-05-27,161602
2021-05-28,161602
2021-05-29,161602
2021-05-30,161602
2021-05-31,161602
2021-06-01,161602
2021-06-02,161602
2021-06-03,161602
2021-06-04,161603
2021-06-05,161603
2021-06-06,161603
2021-06-07,161603
2021-06-08,161603
2021-06-09,161603
2021-06-10,161603
2021-06-11,161603
2021-06-12,161603
2021-06-13,161603
2021-06-14,161603
2021-06-15,161603
2021-06-16,161603
2021-06-17,161603
2021-06-18,161603
2021-06-19,161603
2021-06-20,161603
2021-06-21,161603
2021-06-22,161603
2021-06-23,161603
2021-06-24,161603
2021-06-25,161603
2021-06-26,161603
2021-06-27,161603
2021-06-28,161603
2021-06-29,161603
2021-06-30,161603
2021-07-01,161603
2021-07-02,161603
2021-07-03,161603
2021-07-04,161603
2021-07-05,161603
2021-07-06,161603
2021-07-07,161603
2021-07-08,161603
2021-07-09,161603
2021-07-10,161603
2021-07-11,161604
2021-07-12,161604
2021-07-13,161604
2021-07-14,161604
2021-07-15,161604
2021-07-16,161604
2021-07-17,161604
2021-07-18,161604
2021-07-19,161604
2021-07-20,161604
2021-07-21,161604
2021-07-22,161604
2021-07-23,161604
2021-07-24,161604
2021-07-25,161604
2021-07-26,161604
2021-07-27,161604
2021-07-28,161604
2021-07-29,161604
2021-07-30,161604
2021-07-31,161604
2021-08-01,161604
2021-08-02,161604
2021-08-03,161604
2021-08-04,161604
2021-08-05,161604
2021-08-06,161604
2021-08-07,161604
2021-08-08,161604
2021-08-09,161604
2021-08-10,161604
2021-08-11,161604
2021-08-12,161604
2021-08-13,161604
2021-08-14,161604
2021-08-15,161604
2021-08-16,161604
2021-08-17,161604
2021-08-18,161604
2021-08-19,161604
2021-08-20,161604
2021-08-21,161604
2021-08-22,161604
2021-08-23,161604
2021-08-24,161604
2021-08-25,161604
2021-08-26,161604
2021-08-27,161604
2021-08-28,161604
2021-08-29,161604
2021-08-30,161604
2021-08-31,161604
2021-09-01,161604
2021-09-02,161604
2021-09-03,161604
2021-09-04,161604
2021-09-05,161604
2021-09-06,161604
2021-09-07,161604
2021-09-08,161604
2021-09-09,161604
2021-09-10,161604
2021-09-11,161604
2021-09-12,161604
2021-09-13,161604
2021-09-14,161604
2021-09-15,161604
2021-09-16,161604
2021-09-17,161604
2021-09-18,161604
2021-09-19,161604
2021-09-20,161604
2021-09-21,161604
2021-09-22,161604
2021-09-23,161604
2021-09-24,161604
2021-09-25,161604
2021-09-26,161604
2021-09-27,161604
2021-09-28,161604
2021-09-29,161604
2021-09-30,161604
2021-10-01,161604
2021-10-02,161604
2021-10-03,161604
2021-10-04,161604
2021-10-05,161604
2021-10-06,161604
2021-10-07,161604
2021-10-08,161604
2021-10-09,161604
2021-10-10,161604
2021-10-11,161604
2021-10-12,161604
2021-10-13,161604
2021-10-14,161604
2021-10-15,161604
2021-10-16,161604
2021-10-17,161604
2021-10-18,161604
2021-10-19,161604
2021-10-20,161603
2021-10-21,161603
2021-10-22,161603
2021-10-23,161603
2021-10-24,161603
2021-10-25,161603
2021-10-26,161603
2021-10-27,161603
2021-10-28,161603
2021-10-29,161603
2021-10-30,161603
2021-10-31,161603
2021-11-01,161603
2021-11-02,161603
2021-11-03,161603
2021-11-04,161603
2021-11-05,161603
2021-11-06,161603
2021-11-07,161603
2021-11-08,161603
2021-11-09,161603
2021-11-10,161603
2021-11-11,161603
2021-11-12,161603
2021-11-13,161603
2021-11-14,161603
2021-11-15,161603
2021-11-16,161603
2021-11-17,161603
2021-11-18,161603
2021-11-19,161603
2021-11-20,161603
2021-11-21,161602
2021-11-22,161602
2021-11-23,161602
2021-11-24,161602
2021-11-25,161602
2021-11-26,161602
2021-11-27,161602
2021-11-28,161602
2021-11-29,161602
2021-11-30,161602
2021-12-01,161602
2021-12-02,161602
2021-12-03,161602
2021-12-04,161602
2021-12-05,161602
2021-12-06,161602
2021-12-07,161602
2021-12-08,161602
2021-12-09,161602
2021-12-10,161602
2021-12-11,161602
2021-12-12,161602
2021-12-13,161602
2021-12-14,161602
2021-12-15,161602
2021-12-16,161602
2021-12-17,161602
2021-12-18,161602
2021-12-19,161602
2021-12-20,161602
2021-12-21,161602
2021-12-22,161602
2021-12-23,161602
2021-12-24,161602
2021-12-25,161602
2021-12-26,161602
2021-12-27,161602
2021-12-28,161602
2021-12-29,161602
2021-12-30,161602
2021-12-31,161602
2022-01-01,161602
2022-01-02,161602
2022-01-03,161602
2022-01-04,161602
2022-01-05,161602
2022-01-06,161602
2022-01-07,161602
2022-01-08,161602
2022-01-09,161602
2022-01-10,161602
2022-01-11,161602
2022-01-12,161602
2022-01-13,161602
2022-01-14,161602
2022-01-15,161602
2022-01-16,161602
2022-01-17,161602
2022-01-18,161602
2022-01-19,161602
2022-01-20,161602
2022-01-21,161602
2022-01-22,161602
2022-01-23,161602
2022-01-24,161602
2022-01-25,161602
2022-01-26,161602
2022-01-27,161602
2022-01-28,161602
2022-01-29,161602
2022-01-30,161602
2022-01-31,161602
2022-02-01,161602
2022-02-02,161602
2022-02-03,161602
2022-02-04,161602
2022-02-05,161602
2022-02-06,161602
2022-02-07,161602
2022-02-08,161602
2022-02-09,161602
2022-02-10,161602
2022-02-11,161602
2022-02-12,161602
2022-02-13,161602
2022-02-14,161602
2022-02-15,161602
2022-02-16,161602
2022-02-17,161602
2022-02-18,161602
2022-02-19,161602
2022-02-20,161602
2022-02-21,161602
2022-02-22,161602
2022-02-23,161602
2022-02-24,161602
2022-02-25,161602
2022-02-26,161602
2022-02-27,161602
2022-02-28,161602
2022-03-01,161602
2022-03-02,161602
2022-03-03,161602
2022-03-04,161602
2022-03-05,161602
2022-03-06,161602
2022-03-07,161602
2022-03-08,161602
2022-03-09,161602
2022-03-10,161602
2022-03-11,161602
2022-03-12,161602
2022-03-13,161602
2022-03-14,161602
2022-03-15,161602
2022-03-16,161602
2022-03-17,161602
2022-03-18,161602
2022-03-19,161602
2022-03-20,161602
2022-03-21,161602
2022-03-22,161602
2022-03-23,161602
2022-03-24,161602
2022-03-25,161602
2022-03-26,161602
2022-03-27,161602
2022-03-28,161602
2022-03-29,161602
2022-03-30,161602
2022-03-31,161602
2022-04-01,161602
2022-04-02,161602
2022-04-03,161602
2022-04-04,161602
2022-04-05,161602
2022-04-06,161602
2022-04-07,161602
2022-04-08,161602
2022-04-09,161602
2022-04-10,161602
2022-04-11,161602
2022-04-12,161602
2022-04-13,161602
2022-04-14,161602
2022-04-15,161602
2022-04-16,161602
2022-04-17,161602
2022-04-18,161602
2022-04-19,161602
2022-04-20,161601
2022-04-21,161601
2022-04-22,161601
2022-04-23,161601
2022-04-24,161601
2022-04-25,161601
2022-04-26,161601
2022-04-27,161601
2022-04-28,161601
2022-04-29,161601
2022-04-30,161601
2022-05-01,161601
2022-05-02,161601
2022-05-03,161601
2022-05-04,161601
2022-05-05,161601
2022-05-06,161601
2022-05-07,161601
2022-05-08,161601
2022-05-09,161601
2022-05-10,161601
2022-05-11,161601
2022-05-12,161601
2022-05-13,161601
2022-05-14,161601
2022-05-15,161601
2022-05-16,161601
2022-05-17,161601
2022-05-18,161601
2022-05-19,161601
2022-05-20,161601
2022-05-21,161601
2022-05-22,161601
2022-05-23,161601
2022-05-24,161601
2022-05-25,161601
2022-05-26,161601
2022-05-27,161601
2022-05-28,161601
2022-05-29,161601
2022-05-30,161601
2022-05-31,161601
2022-06-01,161601
2022-06-02,161601
2022-06-03,161601
2022-06-04,161601
2022-06-05,161601
2022-06-06,161601
2022-06-07,161601
2022-06-08,161601
2022-06-09,161601
2022-06-10,161601
2022-06-11,161601
2022-06-12,161601
2022-06-13,161601
2022-06-14,161601
2022-06-15,161601
2022-06-16,161601
2022-06-17,161601
2022-06-18,161601
2022-06-19,161601
2022-06-20,161601
2022-06-21,161601
2022-06-22,161601
2022-06-23,161601
2022-06-24,161601
2022-06-25,161601
2022-06-26,161601
2022-06-27,161601
2022-06-28,161601
2022-06-29,161601
2022-06-30,161601
2022-07-01,161601
2022-07-02,161601
2022-07-03,161601
2022-07-04,161601
2022-07-05,161601
2022-07-06,161601
2022-07-07,161601
2022-07-08,161601
2022-07-09,161601
2022-07-10,161601
2022-07-11,161601
2022-07-12,161601
2022-07-13,161601
2022-07-14,161601
2022-07-15,161601
2022-07-16,161601
2022-07-17,161601
2022-07-18,161601
2022-07-19,161601
2022-07-20,161601
2022-07-21,161601
2022-07-22,161601
2022-07-23,161601
2022-07-24,161601
2022-07-25,161601
2022-07-26,161601
2022-07-27,161601
2022-07-28,161601
2022-07-29,161601
2022-07-30,161601
2022-07-31,161601
2022-08-01,161601
2022-08-02,161601
2022-08-03,161601
2022-08-04,161601
2022-08-05,161601
2022-08-06,161601
2022-08-07,161601
2022-08-08,161601
2022-08-09,161601
2022-08-10,161601
2022-08-11,161601
2022-08-12,161601
2022-08-13,161601
2022-08-14,161601
2022-08-15,161601
2022-08-16,161601
2022-08-17,161601
2022-08-18,161601
2022-08-19,161601
2022-08-20,161601
2022-08-21,161601
2022-08-22,161601
2022-08-23,161601
2022-08-24,161601
2022-08-25,161601
2022-08-26,161601
2022-08-27,161601
2022-08-28,161601
2022-08-29,161601
2022-08-30,161601
2022-08-31,161601
2022-09-01,161601
2022-09-02,161601
2022-09-03,161601
2022-09-04,161601
2022-09-05,161601
2022-09-06,161601
2022-09-07,161601
2022-09-08,161601
2022-09-09,161601
2022-09-10,161601
2022-09-11,161601
2022-09-12,161601
2022-09-13,161601
2022-09-14,161601
2022-09-15,161601
2022-09-16,161601
2022-09-17,161601
2022-09-18,161601
2022-09-19,161601
2022-09-20,161601
2022-09-21,161601
2022-09-22,161601
2022-09-23,161601
2022-09-24,161601
2022-09-25,161601
2022-09-26,161601
2022-09-27,161601
2022-09-28,161601
2022-09-29,161601
2022-09-30,161601
2022-10-01,161601
2022-10-02,161601
2022-10-03,161601
2022-10-04,161601
2022-10-05,161601
2022-10-06,161601
2022-10-07,161601
2022-10-08,161601
2022-10-09,161601
2022-10-10,161601
2022-10-11,161601
2022-10-12,161601
2022-10-13,161601
2022-10-14,161601
2022-10-15,161602
2022-10-16,161602
2022-10-17,161602
2022-10-18,161602
2022-10-19,161602
2022-10-20,161602
2022-10-21,161602
2022-10-22,161602
2022-10-23,161602
2022-10-24,161602
2022-10-25,161602
2022-10-26,161602
2022-10-27,161602
2022-10-28,161602
2022-10-29,161602
2022-10-30,161602
2022-10-31,161602
2022-11-01,161602
2022-11-02,161602
2022-11-03,161602
2022-11-04,161602
2022-11-05,161602
2022-11-06,161602
2022-11-07,161602
2022-11-08,161602
2022-11-09,161602
2022-11-10,161602
2022-11-11,161602
2022-11-12,161602
2022-11-13,161602
2022-11-14,161602
2022-11-15,161602
2022-11-16,161602
2022-11-17,161602
2022-11-18,161602
2022-11-19,161602
2022-11-20,161602
2022-11-21,161602
2022-11-22,161602
2022-11-23,161602
2022-11-24,161602
2022-11-25,161602
2022-11-26,161602
2022-11-27,161602
2022-11-28,161602
2022-11-29,161602
2022-11-30,161602
2022-12-01,161602
2022-12-02,161602
2022-12-03,161602
2022-12-04,161602
2022-12-05,161602
2022-12-06,161602
2022-12-07,161602
2022-12-08,161602
2022-12-09,161602
2022-12-10,161602
2022-12-11,161602
2022-12-12,161602
2022-12-13,161602
2022-12-14,161602
2022-12-15,161602
2022-12-16,161602
2022-12-17,161602
2022-12-18,161602
2022-12-19,161602
2022-12-20,161602
2022-12-21,161602
2022-12-22,161603
2022-12-23,161603
2022-12-24,161603
2022-12-25,161603
2022-12-26,161603
2022-12-27,161603
2022-12-28,161603
2022-12-29,161603
2022-12-30,161603
2022-12-31,161603
2023-01-01,161603
2023-01-02,161603
2023-01-03,161603
2023-01-04,161603
2023-01-05,161603
2023-01-06,161603
2023-01-07,161603
2023-01-08,161603
2023-01-09,161603
2023-01-10,161603
2023-01-11,161603
2023-01-12,161603
2023-01-13,161603
2023-01-14,161603
2023-01-15,161603
2023-01-16,161603
2023-01-17,161603
2023-01-18,161603
2023-01-19,161603
2023-01-20,161603
2023-01-21,161603
2023-01-22,161603
2023-01-23,161603
2023-01-24,161603
2023-01-25,161603
2023-01-26,161603
2023-01-27,161603
2023-01-28,161603
2023-01-29,161603
2023-01-30,161603
2023-01-31,161603
2023-02-01,161603
2023-02-02,161603
2023-02-03,161603
2023-02-04,161603
2023-02-05,161603
2023-02-06,161603
2023-02-07,161603
2023-02-08,161603
2023-02-09,161603
2023-02-10,161603
2023-02-11,161603
2023-02-12,161603
2023-02-13,161603
2023-02-14,161603
2023-02-15,161603
2023-02-16,161603
2023-02-17,161603
2023-02-18,161603
2023-02-19,161603
2023-02-20,161603
2023-02-21,161603
2023-02-22,161603
2023-02-23,161603
2023-02-24,161603
2023-02-25,161603
2023-02-26,161603
2023-02-27,161603
2023-02-28,161603
2023-03-01,161603
2023-03-02,161603
2023-03-03,161603
2023-03-04,161603
2023-03-05,161603
2023-03-06,161603
2023-03-07,161603
2023-03-08,161603
2023-03-09,161603
2023-03-10,161603
2023-03-11,161603
2023-03-12,161603
2023-03-13,161603
2023-03-14,161603
2023-03-15,161603
2023-03-16,161603
2023-03-17,161603
2023-03-18,161603
2023-03-19,161603
2023-03-20,161603
2023-03-21,161603
2023-03-22,161603
2023-03-23,161603
2023-03-24,161603
2023-03-25,161603
2023-03-26,161603
2023-03-27,161603
2023-03-28,161604
2023-03-29,161604
2023-03-30,161604
2023-03-31,161604
2023-04-01,161604
2023-04-02,161604
2023-04-03,161604
2023-04-04,161604
2023-04-05,161605
2023-04-06,161605
2023-04-07,161605
2023-04-08,161605
2023-04-09,161605
2023-04-10,161605
2023-04-11,161605
2023-04-12,161605
2023-04-13,161605
2023-04-14,161605
2023-04-15,161605
2023-04-16,161605
2023-04-17,161605
2023-04-18,161605
2023-04-19,161605
2023-04-20,161605
2023-04-21,161605
2023-04-22,161605
2023-04-23,161605
2023-04-24,161605
2023-04-25,161605
2023-04-26,161605
2023-04-27,161605
2023-04-28,161605
2023-04-29,161605
2023-04-30,161605
2023-05-01,161605
2023-05-02,161605
2023-05-03,161605
2023-05-04,161605
2023-05-05,161605
2023-05-06,161605
2023-05-07,161605
2023-05-08,161605
2023-05-09,161605
2023-05-10,161605
2023-05-11,161605
2023-05-12,161605
2023-05-13,161605
2023-05-14,161605
2023-05-15,161605
2023-05-16,161605
2023-05-17,161605
2023-05-18,161605
2023-05-19,161605
2023-05-20,161605
2023-05-21,161605
2023-05-22,161605
2023-05-23,161605
2023-05-24,161605
2023-05-25,161605
2023-05-26,161605
2023-05-27,161605
2023-05-28,161605
2023-05-29,161605
2023-05-30,161605
2023-05-31,161605
2023-06-01,161605
2023-06-02,161605
2023-06-03,161605
2023-06-04,161605
2023-06-05,161605
2023-06-06,161605
2023-06-07,161605
2023-06-08,161605
2023-06-09,161605
2023-06-10,161605
2023-06-11,161605
2023-06-12,161605
2023-06-13,161605
2023-06-14,161605
2023-06-15,161605
2023-06-16,161606
2023-06-17,161606
2023-06-18,161606
2023-06-19,161606
2023-06-20,161607
2023-06-21,161607
2023-06-22,161607
2023-06-23,161607
2023-06-24,161607
2023-06-25,161607
2023-06-26,161607
2023-06-27,161607
2023-06-28,161607
2023-06-29,161607
2023-06-30,161607
2023-07-01,161607
2023-07-02,161607
2023-07-03,161607
2023-07-04,161607
2023-07-05,161607
2023-07-06,161607
2023-07-07,161607
2023-07-08,161607
2023-07-09,161607
2023-07-10,161607
2023-07-11,161607
2023-07-12,161607
2023-07-13,161607
2023-07-14,161607
2023-07-15,161607
2023-07-16,161607
2023-07-17,161607
2023-07-18,161607
2023-07-19,161607
2023-07-20,161607
2023-07-21,161607
2023-07-22,161607
2023-07-23,161607
2023-07-24,161607
2023-07-25,161607
2023-07-26,161607
2023-07-27,161607
2023-07-28,161607
2023-07-29,161607
2023-07-30,161607
2023-07-31,161607
2023-08-01,161607
2023-08-02,161607
2023-08-03,161607
2023-08-04,161607
2023-08-05,161607
2023-08-06,161607
2023-08-07,161607
2023-08-08,161607
2023-08-09,161607
2023-08-10,161607
2023-08-11,161607
2023-08-12,161607
2023-08-13,161607
2023-08-14,161607
2023-08-15,161607
2023-08-16,161607
2023-08-17,161606
2023-08-18,161606
2023-08-19,161606
2023-08-20,161606
2023-08-21,161606
2023-08-22,161606
2023-08-23,161606
2023-08-24,161606
2023-08-25,161606
2023-08-26,161606
2023-08-27,161606
2023-08-28,161606
2023-08-29,161606
2023-08-30,161606
2023-08-31,161606
2023-09-01,161606
2023-09-02,161606
2023-09-03,161606
2023-09-04,161606
2023-09-05,161606
2023-09-06,161606
2023-09-07,161606
2023-09-08,161606
2023-09-09,161606
2023-09-10,161606
2023-09-11,161606
2023-09-12,161606
2023-09-13,161606
2023-09-14,161606
2023-09-15,161606
2023-09-16,161606
2023-09-17,161606
2023-09-18,161606
2023-09-19,161606
2023-09-20,161606
2023-09-21,161606
2023-09-22,161606
2023-09-23,161606
2023-09-24,161606
2023-09-25,161606
2023-09-26,161606
2023-09-27,161606
2023-09-28,161606
2023-09-29,161606
2023-09-30,161606
2023-10-01,161606
2023-10-02,161606
2023-10-03,161606
2023-10-04,161606
2023-10-05,161606
2023-10-06,161606
2023-10-07,161606
2023-10-08,161606
2023-10-09,161606
2023-10-10,161606
2023-10-11,161606
2023-10-12,161606
2023-10-13,161606
2023-10-14,161606
2023-10-15,161606
2023-10-16,161606
2023-10-17,161606
2023-10-18,161606
2023-10-19,161606
2023-10-20,161606
2023-10-21,161606
2023-10-22,161606
2023-10-23,161606
2023-10-24,161606
2023-10-25,161606
2023-10-26,161606
2023-10-27,161606
2023-10-28,161606
2023-10-29,161606
2023-10-30,161606
2023-10-31,161606
2023-11-01,161606
2023-11-02,161606
2023-11-03,161606
2023-11-04,161606
2023-11-05,161606
2023-11-06,161606
2023-11-07,161606
2023-11-08,161606
2023-11-09,161606
2023-11-10,161606
2023-11-11,161606
2023-11-12,161606
2023-11-13,161606
2023-11-14,161606
2023-11-15,161606
2023-11-16,161606
2023-11-17,161606
2023-11-18,161606
2023-11-19,161606
2023-11-20,161606
2023-11-21,161606
2023-11-22,161606
2023-11-23,161606
2023-11-24,161606
2023-11-25,161606
2023-11-26,161606
2023-11-27,161605
2023-11-28,161605
2023-11-29,161605
2023-11-30,161605
2023-12-01,161605
2023-12-02,161605
2023-12-03,161605
2023-12-04,161605
2023-12-05,161605
2023-12-06,161605
2023-12-07,161605
2023-12-08,161605
2023-12-09,161605
2023-12-10,161605
2023-12-11,161605
2023-12-12,161605
2023-12-13,161605
2023-12-14,161605
2023-12-15,161605
2023-12-16,161605
2023-12-17,161605
2023-12-18,161605
2023-12-19,161605
2023-12-20,161605
2023-12-21,161605
2023-12-22,161605
2023-12-23,161605
2023-12-24,161606
2023-12-25,161606
2023-12-26,161606
2023-12-27,161606
2023-12-28,161606
2023-12-29,161606
2023-12-30,161606
2023-12-31,161606
2024-01-01,161606
2024-01-02,161606
2024-01-03,161606
2024-01-04,161606
2024-01-05,161606
2024-01-06,161606
2024-01-07,161606
2024-01-08,161606
2024-01-09,161606
2024-01-10,161606
2024-01-11,161606
2024-01-12,161606
2024-01-13,161606
2024-01-14,161606
2024-01-15,161606
2024-01-16,161606
2024-01-17,161606
2024-01-18,161606
2024-01-19,161606
2024-01-20,161606
2024-01-21,161606
2024-01-22,161606
2024-01-23,161606
2024-01-24,161606
2024-01-25,161606
2024-01-26,161606
2024-01-27,161606
2024-01-28,161606
2024-01-29,161606
2024-01-30,161606
2024-01-31,161606
2024-02-01,161606
2024-02-02,161606
2024-02-03,161606
2024-02-04,161606
2024-02-05,161606
2024-02-06,161606
2024-02-07,161606
2024-02-08,161606
2024-02-09,161606
2024-02-10,161606
2024-02-11,161606
2024-02-12,161606
2024-02-13,161606
2024-02-14,161606
2024-02-15,161606
2024-02-16,161606
2024-02-17,161606
2024-02-18,161606
2024-02-19,161606
2024-02-20,161606
2024-02-21,161606
2024-02-22,161606
2024-02-23,161606
2024-02-24,161606
2024-02-25,161606
2024-02-26,161606
2024-02-27,161606
2024-02-28,161606
2024-02-29,161606
2024-03-01,161606
2024-03-02,161606
2024-03-03,161606
2024-03-04,161606
2024-03-05,161606
2024-03-06,161606
2024-03-07,161606
2024-03-08,161606
2024-03-09,161606
2024-03-10,161606
2024-03-11,161606
2024-03-12,161606
2024-03-13,161606
2024-03-14,161606
2024-03-15,161606
2024-03-16,161606
2024-03-17,161606
2024-03-18,161606
2024-03-19,161606
2024-03-20,161606
2024-03-21,161606
2024-03-22,161606
2024-03-23,161606
2024-03-24,161606
2024-03-25,161606
2024-03-26,161606
2024-03-27,161606
2024-03-28,161606
2024-03-29,161606
2024-03-30,161605
2024-03-31,161605
2024-04-01,161605
2024-04-02,161605
2024-04-03,161605
2024-04-04,161605
2024-04-05,161605
2024-04-06,161605
2024-04-07,161605
2024-04-08,161605
2024-04-09,161605
2024-04-10,161605
2024-04-11,161605
2024-04-12,161605
2024-04-13,161605
2024-04-14,161605
2024-04-15,161605
2024-04-16,161605
2024-04-17,161605
2024-04-18,161605
2024-04-19,161605
2024-04-20,161605
2024-04-21,161605
2024-04-22,161605
2024-04-23,161605
2024-04-24,161605
2024-04-25,161605
2024-04-26,161605
2024-04-27,161605
2024-04-28,161605
2024-04-29,161605
2024-04-30,161605
2024-05-01,161605
2024-05-02,161605
2024-05-03,161605
2024-05-04,161605
2024-05-05,161605
2024-05-06,161605
2024-05-07,161605
2024-05-08,161605
2024-05-09,161605
2024-05-10,161605
2024-05-11,161605
2024-05-12,161605
2024-05-13,161605
2024-05-14,161605
2024-05-15,161605
2024-05-16,161605
2024-05-17,161605
2024-05-18,161605
2024-05-19,161605
2024-05-20,161605
2024-05-21,161605
2024-05-22,161605
2024-05-23,161605
2024-05-23 10:53:08.973256,161606
2024-05-23 10:54:06.045143,161606
2024-05-23 10:55:38.130959,161606
2024-05-23 10:56:53.418351,161606
2024-05-23 11:41:47.891584,161611
